<?xml version="1.0" encoding="UTF-8"?>
<project-private xmlns="http://www.netbeans.org/ns/project-private/1">
    <open-files xmlns="http://www.netbeans.org/ns/projectui-open-files/2">
        <group>
            <file>file:/C:/Users/araya/Documents/NetBeansProjects/JavaApplication5/src/modelo/estado.java</file>
            <file>file:/C:/Users/araya/Documents/NetBeansProjects/JavaApplication5/src/controlador/AdministradorVehiculos.java</file>
            <file>file:/C:/Users/araya/Documents/NetBeansProjects/JavaApplication5/src/modelo/estilo.java</file>
            <file>file:/C:/Users/araya/Documents/NetBeansProjects/JavaApplication5/src/modelo/Vehiculo.java</file>
            <file>file:/C:/Users/araya/Documents/NetBeansProjects/JavaApplication5/src/modelo/transmision.java</file>
        </group>
    </open-files>
</project-private>
